accession	smiles	monoisotopic.mass	ms.mode	peak.mztheo	peak.relative.intensity	chrom.col.id	chrom.rt	formula	name	inchi	inchikey	cas.id	chebi.id	kegg.compound.id	ms.level	mass	peak.mzexp	peak.intensity	chrom.rt.unit	peak.formula	msprecannot	msprecmz	peak.attr
BS003495	1(=CC(=C2C(=C1)OC(=CC2=O)C3=CC=CC=C3OC)O)O	284.0685	neg	283.0626	100	Waters Acquity BEH C18 1.7um x 2.1 x 150 mm	875.4	C16H12O5	5,7-Dihydroxy-2'-methoxyflavone	InChI=1S/C16H12O5/c1-20-13-5-3-2-4-10(13)14-8-12(19)16-11(18)6-9(17)7-15(16)21-14/h2-8,17-18H,1H3	SWYVZKGICYEZDR-UHFFFAOYSA-N	10458-35-2	NA		1	NA	NA	NA	s	NA	NA	NA	NA
BS003495	1(=CC(=C2C(=C1)OC(=CC2=O)C3=CC=CC=C3OC)O)O	284.0685	neg	268.0382	3	Waters Acquity BEH C18 1.7um x 2.1 x 150 mm	875.4	C16H12O5	5,7-Dihydroxy-2'-methoxyflavone	InChI=1S/C16H12O5/c1-20-13-5-3-2-4-10(13)14-8-12(19)16-11(18)6-9(17)7-15(16)21-14/h2-8,17-18H,1H3	SWYVZKGICYEZDR-UHFFFAOYSA-N	10458-35-2	NA		1	NA	NA	NA	s	NA	NA	NA	NA
TY000021	OC(=O)C(C)(C7)CC(C(C)(C7)1)(C(=C6)C(C)(C(C5([H])C6=O)(CCC([H])(C25C)C(C)(C)C(OC(O3)C(OC(O4)C(O)C(C(C4C(O)=O)O)O)C(C(C3C(O)=O)O)O)CC2)C)CC1)[H]	822.40379	neg	821.3965	100	Waters Atlantis T3 (2.1 x 150 mm, 5 um)	737.099	C42H62O16	Glycyrrhizic acid	InChI=1S/C42H62O16/c1-37(2)21-8-11-42(7)31(20(43)16-18-19-17-39(4,36(53)54)13-12-38(19,3)14-15-41(18,42)6)40(21,5)10-9-22(37)55-35-30(26(47)25(46)29(57-35)33(51)52)58-34-27(48)23(44)24(45)28(56-34)32(49)50/h16,19,21-31,34-35,44-48H,8-15,17H2,1-7H3,(H,49,50)(H,51,52)(H,53,54)/t19-,21-,22-,23-,24-,25-,26-,27+,28-,29-,30+,31+,34-,35-,38+,39-,40-,41+,42+/m0/s1	LPLVUJXQOOQHMX-QWBHMCJMSA-N	1405-86-3	NA		1	NA	NA	NA	s	NA	NA	NA	NA
KNA00776	C1=NC2=C(N1[C@H]3[C@@H]([C@@H]([C@H](O3)CO)O)O)N=C(NC2=O)N	283.091669	neg	282.083871	100	TOSOH TSKgel ODS-100V  5um Part no. 21456	329.85108	C10H13N5O5	Guanosine	InChI=1S/C10H13N5O5/c11-10-13-7-4(8(19)14-10)12-2-15(7)9-6(18)5(17)3(1-16)20-9/h2-3,5-6,9,16-18H,1H2,(H3,11,13,14,19)/t3-,5-,6-,9-/m1/s1		118-00-3	16750	C00387	1	NA	NA	NA	s	NA	NA	NA	NA
KNA00776	C1=NC2=C(N1[C@H]3[C@@H]([C@@H]([C@H](O3)CO)O)O)N=C(NC2=O)N	283.091669	neg	150.041965	56	TOSOH TSKgel ODS-100V  5um Part no. 21456	329.85108	C10H13N5O5	Guanosine	InChI=1S/C10H13N5O5/c11-10-13-7-4(8(19)14-10)12-2-15(7)9-6(18)5(17)3(1-16)20-9/h2-3,5-6,9,16-18H,1H2,(H3,11,13,14,19)/t3-,5-,6-,9-/m1/s1		118-00-3	16750	C00387	1	NA	NA	NA	s	NA	NA	NA	NA
KNA00776	C1=NC2=C(N1[C@H]3[C@@H]([C@@H]([C@H](O3)CO)O)O)N=C(NC2=O)N	283.091669	neg	133.015586	5	TOSOH TSKgel ODS-100V  5um Part no. 21456	329.85108	C10H13N5O5	Guanosine	InChI=1S/C10H13N5O5/c11-10-13-7-4(8(19)14-10)12-2-15(7)9-6(18)5(17)3(1-16)20-9/h2-3,5-6,9,16-18H,1H2,(H3,11,13,14,19)/t3-,5-,6-,9-/m1/s1		118-00-3	16750	C00387	1	NA	NA	NA	s	NA	NA	NA	NA
KNA00596	Nc(n3)c(n2)c(nc3)n(c2)[C@H](O1)[C@H](O)[C@H](O)[C@@H](COP(O)(O)=O)1	347.06308	neg	346.054414	100	TOSOH TSKgel ODS-100V  5um Part no. 21456	532.0656	C10H14N5O7P	AMP	InChI=1S/C10H14N5O7P/c11-8-5-9(13-2-12-8)15(3-14-5)10-7(17)6(16)4(22-10)1-21-23(18,19)20/h2-4,6-7,10,16-17H,1H2,(H2,11,12,13)(H2,18,19,20)/t4-,6-,7-,10-/m1/s1		61-19-8	16027	C00020	1	NA	NA	NA	s	NA	NA	NA	NA
KNA00596	Nc(n3)c(n2)c(nc3)n(c2)[C@H](O1)[C@H](O)[C@H](O)[C@@H](COP(O)(O)=O)1	347.06308	neg	306.076742	24	TOSOH TSKgel ODS-100V  5um Part no. 21456	532.0656	C10H14N5O7P	AMP	InChI=1S/C10H14N5O7P/c11-8-5-9(13-2-12-8)15(3-14-5)10-7(17)6(16)4(22-10)1-21-23(18,19)20/h2-4,6-7,10,16-17H,1H2,(H2,11,12,13)(H2,18,19,20)/t4-,6-,7-,10-/m1/s1		61-19-8	16027	C00020	1	NA	NA	NA	s	NA	NA	NA	NA
KNA00596	Nc(n3)c(n2)c(nc3)n(c2)[C@H](O1)[C@H](O)[C@H](O)[C@@H](COP(O)(O)=O)1	347.06308	neg	272.088771	7	TOSOH TSKgel ODS-100V  5um Part no. 21456	532.0656	C10H14N5O7P	AMP	InChI=1S/C10H14N5O7P/c11-8-5-9(13-2-12-8)15(3-14-5)10-7(17)6(16)4(22-10)1-21-23(18,19)20/h2-4,6-7,10,16-17H,1H2,(H2,11,12,13)(H2,18,19,20)/t4-,6-,7-,10-/m1/s1		61-19-8	16027	C00020	1	NA	NA	NA	s	NA	NA	NA	NA
KNA00596	Nc(n3)c(n2)c(nc3)n(c2)[C@H](O1)[C@H](O)[C@H](O)[C@@H](COP(O)(O)=O)1	347.06308	neg	134.047448	7	TOSOH TSKgel ODS-100V  5um Part no. 21456	532.0656	C10H14N5O7P	AMP	InChI=1S/C10H14N5O7P/c11-8-5-9(13-2-12-8)15(3-14-5)10-7(17)6(16)4(22-10)1-21-23(18,19)20/h2-4,6-7,10,16-17H,1H2,(H2,11,12,13)(H2,18,19,20)/t4-,6-,7-,10-/m1/s1		61-19-8	16027	C00020	1	NA	NA	NA	s	NA	NA	NA	NA
PR010001	NCCCN	NA	pos	73	NA	mycol	78	C3H10N2	1,3-Diaminopropane	NA	NA	NA	NA	NA	1	74.0844	73.012	999	s	NA	NA	NA	NA
PR010001	NCCCN	NA	pos	86	NA	mycol	78	C3H10N2	1,3-Diaminopropane	NA	NA	NA	NA	NA	1	74.0844	85.998	407	s	NA	NA	NA	NA
PR010001	NCCCN	NA	pos	174	NA	mycol	78	C3H10N2	1,3-Diaminopropane	NA	NA	NA	NA	NA	1	74.0844	174.003	481	s	NA	NA	NA	NA
PR010002	OCC(O)(C1)OCC(O)(CO)O1	NA	pos	73	NA	mycol	189	C6H12O6	1,3-Dihydroxyacetone dimer	NA	NA	NA	NA	NA	1	180.06339	73.076	999	s	NA	NA	NA	NA
PR010003	OC(=O)CC(O)(CC(O)=O)C(O)=O	NA	pos	73	NA	mycol	45	C6H8O7	Citric acid	NA	NA	NA	NA	NA	1	192.027	73.005	999	s	NA	NA	NA	NA
PR010004	COc(c1)c(O)ccc(C=CC(O)=O)1	NA	pos	73	NA	mycol	90	C10H10O4	trans-4-Hydroxy-3-methoxycinnamate	NA	NA	NA	NA	NA	1	194.05791	72.997	999	s	NA	NA	NA	NA
PR010006	CNC[C@H](O)c(c1)cc(O)cc1	NA	pos	73	NA	mycol	176	C9H13NO2	(R)-(-)-Phenylephrine	NA	NA	NA	NA	NA	1	167.09463	73.024	751	s	NA	NA	NA	NA
PR010006	CNC[C@H](O)c(c1)cc(O)cc1	NA	pos	116	NA	mycol	176	C9H13NO2	(R)-(-)-Phenylephrine	NA	NA	NA	NA	NA	1	167.09463	116.011	999	s	NA	NA	NA	NA
PR010007	OC(=O)C(N)(C1)C1	NA	pos	73	NA	mycol	120	C4H7NO2	1-Aminocyclopropane-1-carboxylic acid	NA	NA	NA	NA	NA	1	101.04768	73.009	999	s	NA	NA	NA	NA
PR010007	OC(=O)C(N)(C1)C1	NA	pos	147	NA	mycol	120	C4H7NO2	1-Aminocyclopropane-1-carboxylic acid	NA	NA	NA	NA	NA	1	101.04768	147.048	533	s	NA	NA	NA	NA
PR010008	OC(=O)Cc(c1)ccc(O)c1	NA	pos	73	NA	mycol	156	C8H8O3	4-Hydroxyphenylacetic acid	NA	NA	NA	NA	NA	1	152.04734	73.032	999	s	NA	NA	NA	NA
AU200951	NA	NA	neg	161.0238	100	NA	NA	C7H5F3O	NA	NA	NA	NA	NA	NA	2	NA	NA	38176	s	C7H4F3O-	[M-H]-	161.022	[M-H]-
AU200951	NA	NA	neg	162.0274	4.604605	NA	NA	C7H5F3O	NA	NA	NA	NA	NA	NA	2	NA	NA	1780	s	C6[13]CH4F3O-	[M-H]-	161.022	NA
AU200951	NA	NA	neg	141.0167	1.601602	NA	NA	C7H5F3O	NA	NA	NA	NA	NA	NA	2	NA	NA	616	s	C7H3F2O-	[M-H]-	161.022	NA
AU200952	NA	NA	neg	161.0246	100	NA	NA	C7H5F3O	NA	NA	NA	NA	NA	NA	2	NA	NA	6180	s	C7H4F3O-	[M-H]-	161.022	[M-H]-
AU200952	NA	NA	neg	141.0184	22.32232	NA	NA	C7H5F3O	NA	NA	NA	NA	NA	NA	2	NA	NA	1384	s	C7H3F2O-	[M-H]-	161.022	NA
AU200952	NA	NA	neg	121.0113	19.01902	NA	NA	C7H5F3O	NA	NA	NA	NA	NA	NA	2	NA	NA	1180	s	C7H2FO-	[M-H]-	161.022	NA
AU200952	NA	NA	neg	162.0282	6.206206	NA	NA	C7H5F3O	NA	NA	NA	NA	NA	NA	2	NA	NA	388	s	C6[13]CH4F3O-	[M-H]-	161.022	NA
AU200953	NA	NA	neg	121.0113	100	NA	NA	C7H5F3O	NA	NA	NA	NA	NA	NA	2	NA	NA	828	s	C7H2FO-	[M-H]-	161.022	NA
AU200953	NA	NA	neg	141.0174	36.13614	NA	NA	C7H5F3O	NA	NA	NA	NA	NA	NA	2	NA	NA	300	s	C7H3F2O-	[M-H]-	161.022	NA
AU325851	NA	NA	neg	239.0502	100	NA	NA	C10H12N2O3S	NA	NA	NA	NA	NA	NA	2	NA	NA	4580	s	C10H11N2O3S-	[M-H]-	239.0496	[M-H]-
AU325851	NA	NA	neg	240.0525	10.21021	NA	NA	C10H12N2O3S	NA	NA	NA	NA	NA	NA	2	NA	NA	468	s	C9[13]CH11N2O3S-	[M-H]-	239.0496	NA
AU325851	NA	NA	neg	241.0471	6.806807	NA	NA	C10H12N2O3S	NA	NA	NA	NA	NA	NA	2	NA	NA	312	s	C10H11N2O3[34]S-	[M-H]-	239.0496	NA
AU341051	NA	NA	neg	231.0102	100	NA	NA	C9H10Cl2N2O	NA	NA	NA	NA	NA	NA	2	NA	NA	30800	s	C9H9Cl2N2O- [M-H]-	[M-H]-	231.0097	NA
AU341051	NA	NA	neg	233.0077	43.84384	NA	NA	C9H10Cl2N2O	NA	NA	NA	NA	NA	NA	2	NA	NA	13532	s	C9H9Cl[37]ClN2O-	[M-H]-	231.0097	NA
AU341051	NA	NA	neg	232.0129	6.506507	NA	NA	C9H10Cl2N2O	NA	NA	NA	NA	NA	NA	2	NA	NA	2024	s	C8[13]CH9Cl2N2O-	[M-H]-	231.0097	NA
AU341051	NA	NA	neg	185.9529	5.405405	NA	NA	C9H10Cl2N2O	NA	NA	NA	NA	NA	NA	2	NA	NA	1672	s	C7H2Cl2NO-	[M-H]-	231.0097	NA
AU341051	NA	NA	neg	187.9496	2.802803	NA	NA	C9H10Cl2N2O	NA	NA	NA	NA	NA	NA	2	NA	NA	868	s	C7H2Cl[37]ClNO-	[M-H]-	231.0097	NA
AU341051	NA	NA	neg	159.9737	2.702703	NA	NA	C9H10Cl2N2O	NA	NA	NA	NA	NA	NA	2	NA	NA	844	s	C6H4Cl2N-	[M-H]-	231.0097	NA
AU341051	NA	NA	neg	161.9711	1.301301	NA	NA	C9H10Cl2N2O	NA	NA	NA	NA	NA	NA	2	NA	NA	404	s	C6H4Cl[37]ClN-	[M-H]-	231.0097	NA
AU158001	NA	NA	pos	286.1456	100	NA	NA	C17H19NO3	NA	NA	NA	NA	NA	NA	2	NA	NA	1073792	s	C17H20NO3+	[M+H]+	286.1438	[M+H]+
AU158001	NA	NA	pos	287.1488	14.61461	NA	NA	C17H19NO3	NA	NA	NA	NA	NA	NA	2	NA	NA	157332	s	C16[13]CH20NO3+	[M+H]+	286.1438	NA
AU158001	NA	NA	pos	288.1514	1.401401	NA	NA	C17H19NO3	NA	NA	NA	NA	NA	NA	2	NA	NA	15604	s	C15[13]C2H20NO3+	[M+H]+	286.1438	NA
AU158002	NA	NA	pos	286.1457	100	NA	NA	C17H19NO3	NA	NA	NA	NA	NA	NA	2	NA	NA	1338896	s	C17H20NO3+	[M+H]+	286.1438	[M+H]+
AU158002	NA	NA	pos	287.1489	16.91692	NA	NA	C17H19NO3	NA	NA	NA	NA	NA	NA	2	NA	NA	227244	s	C16[13]CH20NO3+	[M+H]+	286.1438	NA
AU158002	NA	NA	pos	229.0869	1.501502	NA	NA	C17H19NO3	NA	NA	NA	NA	NA	NA	2	NA	NA	20980	s	C14H13O3+	[M+H]+	286.1438	NA
AU158002	NA	NA	pos	288.1513	1.401401	NA	NA	C17H19NO3	NA	NA	NA	NA	NA	NA	2	NA	NA	19640	s	C15[13]C2H20NO3+	[M+H]+	286.1438	NA
AU158002	NA	NA	pos	201.0918	1.401401	NA	NA	C17H19NO3	NA	NA	NA	NA	NA	NA	2	NA	NA	19520	s	C13H13O2+	[M+H]+	286.1438	NA
AU158002	NA	NA	pos	268.1343	0.6006	NA	NA	C17H19NO3	NA	NA	NA	NA	NA	NA	2	NA	NA	8808	s	C17H18NO2+	[M+H]+	286.1438	NA
AU158002	NA	NA	pos	211.076	0.6006	NA	NA	C17H19NO3	NA	NA	NA	NA	NA	NA	2	NA	NA	8660	s	C14H11O2+	[M+H]+	286.1438	NA
AU116602	NA	NA	pos	115.0334	100	NA	NA	C4H6N2S	NA	NA	NA	NA	NA	NA	2	NA	NA	6556	s	C4H7N2S+	[M+H]+	115.0324	[M+H]+
AU116606	NA	NA	pos	115.0334	100	NA	NA	C4H6N2S	NA	NA	NA	NA	NA	NA	2	NA	NA	39940	s	C4H7N2S+	[M+H]+	115.0324	[M+H]+
AU116606	NA	NA	pos	116.0365	7.007007	NA	NA	C4H6N2S	NA	NA	NA	NA	NA	NA	2	NA	NA	2808	s	C3[13]CH7N2S+	[M+H]+	115.0324	NA
AU116606	NA	NA	pos	117.0293	6.406406	NA	NA	C4H6N2S	NA	NA	NA	NA	NA	NA	2	NA	NA	2596	s	C4H7N2[34]S+	[M+H]+	115.0324	NA
